ENGLISH,ARMENIAN,CATEGORY
 angle, անկյուն,THINGS - TANGIBLE
 ant, մրջյուն,THINGS - TANGIBLE
 apple, խնձոր,THINGS - TANGIBLE
 arch, կամար,THINGS - TANGIBLE
 arm, թև ,THINGS - TANGIBLE
 army, բանակ,THINGS - TANGIBLE
 baby, երեխա,THINGS - TANGIBLE
 bag, պայուսակ,THINGS - TANGIBLE
 ball, գնդակ,THINGS - TANGIBLE
 band, նվագախումբ,THINGS - TANGIBLE
 basin, ավազան,THINGS - TANGIBLE
 basket, զամբյուղ,THINGS - TANGIBLE
 bath, բաղնիք,THINGS - TANGIBLE
 bed, մահճակալ,THINGS - TANGIBLE
 bee, մեղու,THINGS - TANGIBLE
 bell, զանգ,THINGS - TANGIBLE
 berry, հատապտուղ,THINGS - TANGIBLE
 bird, թռչուն,THINGS - TANGIBLE
 board, տախտակ,THINGS - TANGIBLE
 boat, նավակ,THINGS - TANGIBLE
 bone, ոսկոր,THINGS - TANGIBLE
 book, գիրք,THINGS - TANGIBLE
 boot, կոշիկ,THINGS - TANGIBLE
 bottle, շիշ,THINGS - TANGIBLE
 box, տուփ,THINGS - TANGIBLE
 boy, տղա,THINGS - TANGIBLE
 brain, ուղեղ,THINGS - TANGIBLE
 brake, արգելակ,THINGS - TANGIBLE
 branch, ճյուղ,THINGS - TANGIBLE
 brick, աղյուս,THINGS - TANGIBLE
 bridge, կամուրջ,THINGS - TANGIBLE
 brush, խոզանակ,THINGS - TANGIBLE
 bucket, դույլ,THINGS - TANGIBLE
 bulb, լամպ,THINGS - TANGIBLE
 button, կոճակ,THINGS - TANGIBLE
 cake, տորթ,THINGS - TANGIBLE
 camera, տեսախցիկ,THINGS - TANGIBLE
 card, քարտ,THINGS - TANGIBLE
 cart, սայլ,THINGS - TANGIBLE
 carriage, կառք,THINGS - TANGIBLE
 cat, կատու,THINGS - TANGIBLE
 chain, շղթա,THINGS - TANGIBLE
 cheese, պանիր,THINGS - TANGIBLE
 chest, կրծքավանդակ,THINGS - TANGIBLE
 chin, դունչ,THINGS - TANGIBLE
 church, եկեղեցի,THINGS - TANGIBLE
 circle, շրջան,THINGS - TANGIBLE
 clock, ժամացույց,THINGS - TANGIBLE
 cloud, ամպ,THINGS - TANGIBLE
 coat, վերարկու,THINGS - TANGIBLE
 collar, օձիք,THINGS - TANGIBLE
 comb, սանր,THINGS - TANGIBLE
 cord, լար,THINGS - TANGIBLE
 cow, կով,THINGS - TANGIBLE
 cup, բաժակ,THINGS - TANGIBLE
 curtain, վարագույր,THINGS - TANGIBLE
 cushion, բարձ,THINGS - TANGIBLE
 dog, շուն,THINGS - TANGIBLE
 door, դուռ,THINGS - TANGIBLE
 drawer, դարակ ,THINGS - TANGIBLE
 dress, զգեստ,THINGS - TANGIBLE
 drop, կաթիլ,THINGS - TANGIBLE
 ear, ականջ,THINGS - TANGIBLE
 egg, ձու,THINGS - TANGIBLE
 engine, շարժիչ,THINGS - TANGIBLE
 eye, աչք,THINGS - TANGIBLE
 face, դեմք,THINGS - TANGIBLE
 farm, ֆերմա,THINGS - TANGIBLE
 feather, փետուր,THINGS - TANGIBLE
 finger, մատ,THINGS - TANGIBLE
 fish, ձուկ,THINGS - TANGIBLE
 flag, դրոշ,THINGS - TANGIBLE
 floor, հատակ,THINGS - TANGIBLE
 fly, ճանճ,THINGS - TANGIBLE
 foot, ոտք,THINGS - TANGIBLE
 fork, պատառաքաղ,THINGS - TANGIBLE
 frame, շրջանակ,THINGS - TANGIBLE
 garden, պարտեզ,THINGS - TANGIBLE
 girl, աղջիկ,THINGS - TANGIBLE
 glove, ձեռնոց,THINGS - TANGIBLE
 goat, այծ,THINGS - TANGIBLE
 gun, ատրճանակ,THINGS - TANGIBLE
 hair, մազեր,THINGS - TANGIBLE
 hammer, մուրճ,THINGS - TANGIBLE
 hand, ձեռք,THINGS - TANGIBLE
 hat, գլխարկ,THINGS - TANGIBLE
 head, գլուխ,THINGS - TANGIBLE
 heart, սիրտ,THINGS - TANGIBLE
 hook, կարթ,THINGS - TANGIBLE
 horn, եղջյուր,THINGS - TANGIBLE
 horse, ձի,THINGS - TANGIBLE
 hospital, հիվանդանոց,THINGS - TANGIBLE
 house, տուն,THINGS - TANGIBLE
 island, կղզի,THINGS - TANGIBLE
 jewel, գոհար,THINGS - TANGIBLE
 kettle, թեյնիկ,THINGS - TANGIBLE
 key, բանալի,THINGS - TANGIBLE
 knee, ծունկ,THINGS - TANGIBLE
 knife, դանակ,THINGS - TANGIBLE
 knot, հանգույց,THINGS - TANGIBLE
 leaf, տերև,THINGS - TANGIBLE
 leg, ոտք,THINGS - TANGIBLE
 library, գրադարան,THINGS - TANGIBLE
 line, գիծ,THINGS - TANGIBLE
 lip, շրթունք,THINGS - TANGIBLE
 lock, կողպեք,THINGS - TANGIBLE
 map, քարտեզ,THINGS - TANGIBLE
 match, լուցկի,THINGS - TANGIBLE
 monkey, կապիկ,THINGS - TANGIBLE
 moon, լուսին,THINGS - TANGIBLE
 mouth, բերան,THINGS - TANGIBLE
 muscle, մկան,THINGS - TANGIBLE
 nail, մեխ,THINGS - TANGIBLE
 neck, վիզ,THINGS - TANGIBLE
 needle, ասեղ,THINGS - TANGIBLE
 nerve, նյարդ,THINGS - TANGIBLE
 net, ցանց,THINGS - TANGIBLE
 nose, քիթ,THINGS - TANGIBLE
 nuts, չարազ,THINGS - TANGIBLE
 office, գրասենյակ,THINGS - TANGIBLE
 orange, նարինջ,THINGS - TANGIBLE
 oven, վառարան,THINGS - TANGIBLE
 parcel, ծանրոց,THINGS - TANGIBLE
 pen, գրիչ,THINGS - TANGIBLE
 pencil, մատիտ,THINGS - TANGIBLE
 picture, նկար,THINGS - TANGIBLE
 pig, խոզ,THINGS - TANGIBLE
 pipe, խողովակ,THINGS - TANGIBLE
 plane, ինքնաթիռ,THINGS - TANGIBLE
 plate, ափսե,THINGS - TANGIBLE
 pocket, գրպան,THINGS - TANGIBLE
 pot, կաթսա,THINGS - TANGIBLE
 potato, կարտոֆիլ,THINGS - TANGIBLE
 prison, բանտ,THINGS - TANGIBLE
 pump, պոմպ,THINGS - TANGIBLE
 rail, ռելս,THINGS - TANGIBLE
 rat, առնետ,THINGS - TANGIBLE
 receipt,ստացական,THINGS - TANGIBLE
 ring, մատանի,THINGS - TANGIBLE
 rod, ձող,THINGS - TANGIBLE
 roof, տանիք,THINGS - TANGIBLE
 root, արմատ,THINGS - TANGIBLE
 sail, առագաստ,THINGS - TANGIBLE
 school, դպրոց,THINGS - TANGIBLE
 scissors, մկրատ,THINGS - TANGIBLE
 screw, պտուտակ ,THINGS - TANGIBLE
 seed, սերմ,THINGS - TANGIBLE
 sheep, ոչխար,THINGS - TANGIBLE
 shelf, դարակ,THINGS - TANGIBLE
 ship, նավ,THINGS - TANGIBLE
 shirt, վերնաշապիկ,THINGS - TANGIBLE
 shoe, կոշիկ,THINGS - TANGIBLE
 skin, մաշկ,THINGS - TANGIBLE
 skirt, շրջազգեստ,THINGS - TANGIBLE
 snake, օձ,THINGS - TANGIBLE
 sock, գուլպա,THINGS - TANGIBLE
 spade/shovel, բահ,THINGS - TANGIBLE
 sponge, սպունգ,THINGS - TANGIBLE
 spoon, գդալ,THINGS - TANGIBLE
 spring, գարուն,THINGS - TANGIBLE
 square, հրապարակ,THINGS - TANGIBLE
 stamp, դրոշմանիշ,THINGS - TANGIBLE
 star, աստղ,THINGS - TANGIBLE
 station, կայարան,THINGS - TANGIBLE
 stem, ցողուն,THINGS - TANGIBLE
 stick, փայտ,THINGS - TANGIBLE
 stocking, գուլպա,THINGS - TANGIBLE
 stomach, ստամոքս,THINGS - TANGIBLE
 store, խանութ,THINGS - TANGIBLE
 street, փողոց,THINGS - TANGIBLE
 sun, արև ,THINGS - TANGIBLE
 table, սեղան,THINGS - TANGIBLE
 tail, պոչ,THINGS - TANGIBLE
 thread, թել,THINGS - TANGIBLE
 throat, կոկորդ,THINGS - TANGIBLE
 ticket, տոմս,THINGS - TANGIBLE
 tongue, լեզու,THINGS - TANGIBLE
 tooth, ատամ,THINGS - TANGIBLE
 town, քաղաք,THINGS - TANGIBLE
 train, գնացք,THINGS - TANGIBLE
 tray, սկուտեղ,THINGS - TANGIBLE
 tree, ծառ,THINGS - TANGIBLE
 trousers, տաբատ,THINGS - TANGIBLE
 umbrella, հովանոց,THINGS - TANGIBLE
 wall, պատ,THINGS - TANGIBLE
 watch, ժամացույց,THINGS - TANGIBLE
 wheel, անիվ,THINGS - TANGIBLE
 whip, մտրակ,THINGS - TANGIBLE
 whistle, սուլիչ,THINGS - TANGIBLE
 window, պատուհան,THINGS - TANGIBLE
 wing, թև,THINGS - TANGIBLE
 wire, լար,THINGS - TANGIBLE
 worm, որդ,THINGS - TANGIBLE
 account,հաշիվ,THINGS - ABSTRACT
 act, գործողություն,THINGS - ABSTRACT
 addition, լրացում,THINGS - ABSTRACT
 adjustment, ճշգրտում,THINGS - ABSTRACT
 advertisement, գովազդ,THINGS - ABSTRACT
 agreement, համաձայնություն,THINGS - ABSTRACT
 air, օդ,THINGS - ABSTRACT
 amount, գումար,THINGS - ABSTRACT
 amusement, զվարճանք,THINGS - ABSTRACT
 animal, կենդանի,THINGS - ABSTRACT
 answer, պատասխան,THINGS - ABSTRACT
 apparatus, ապարատ,THINGS - ABSTRACT
 approval, հաստատում,THINGS - ABSTRACT
 argument, փաստարկ,THINGS - ABSTRACT
 art, արվեստ,THINGS - ABSTRACT
 attack, հարձակում,THINGS - ABSTRACT
 attempt, փորձ,THINGS - ABSTRACT
 attention, ուշադրություն,THINGS - ABSTRACT
 attractive, գրավիչ,THINGS - ABSTRACT
 authority, հեղինակություն,THINGS - ABSTRACT
 back, մեջք,THINGS - ABSTRACT
 balance, հավասարակշռություն,THINGS - ABSTRACT
 base, հիմք,THINGS - ABSTRACT
 behavior, վարք,THINGS - ABSTRACT
 belief, հավատ,THINGS - ABSTRACT
 birth, ծնունդ,THINGS - ABSTRACT
 bit, կտոր,THINGS - ABSTRACT
 bite, կծել,THINGS - ABSTRACT
 blood, արյուն,THINGS - ABSTRACT
 blow, հարված,THINGS - ABSTRACT
 body, մարմին,THINGS - ABSTRACT
 bread, հաց,THINGS - ABSTRACT
 breath, շունչ,THINGS - ABSTRACT
 brother, եղբայր,THINGS - ABSTRACT
 building, շենք,THINGS - ABSTRACT
 burn, այրել,THINGS - ABSTRACT
 burst, պայթել,THINGS - ABSTRACT
 business, բիզնես,THINGS - ABSTRACT
 butter, կարագ,THINGS - ABSTRACT
 canvas, կտավ,THINGS - ABSTRACT
 care, խնամք,THINGS - ABSTRACT
 cause, պատճառ,THINGS - ABSTRACT
 chalk, կավիճ,THINGS - ABSTRACT
 chance, հնարավորություն,THINGS - ABSTRACT
 change, փոփոխություն,THINGS - ABSTRACT
 cloth, կտոր,THINGS - ABSTRACT
 coal, ածուխ,THINGS - ABSTRACT
 color, գույն,THINGS - ABSTRACT
 comfort, հարմարավետություն,THINGS - ABSTRACT
 committee, կոմիտե,THINGS - ABSTRACT
 company, ընկերություն,THINGS - ABSTRACT
 comparison, համեմատություն,THINGS - ABSTRACT
 competition, մրցակցություն,THINGS - ABSTRACT
 condition, վիճակ,THINGS - ABSTRACT
 connection, կապ,THINGS - ABSTRACT
 control, հսկողություն,THINGS - ABSTRACT
 cook, խոհարար,THINGS - ABSTRACT
 copper, պղինձ,THINGS - ABSTRACT
 copy, պատճեն,THINGS - ABSTRACT
 cork, խցան,THINGS - ABSTRACT
 cotton, բամբակ,THINGS - ABSTRACT
 cough, հազ,THINGS - ABSTRACT
 country, երկիր,THINGS - ABSTRACT
 cover, ծածկ,THINGS - ABSTRACT
 crack, ճաք,THINGS - ABSTRACT
 credit, վարկ,THINGS - ABSTRACT
 crime, հանցագործություն,THINGS - ABSTRACT
 crush, ջախջախել,THINGS - ABSTRACT
 cry, լացել,THINGS - ABSTRACT
 current(electrical), հոսանք,THINGS - ABSTRACT
 curve, կոր,THINGS - ABSTRACT
 damage, վնաս,THINGS - ABSTRACT
 danger, վտանգ,THINGS - ABSTRACT
 daughter, դուստր,THINGS - ABSTRACT
 day, օր,THINGS - ABSTRACT
 death, մահ,THINGS - ABSTRACT
 debt, պարտք,THINGS - ABSTRACT
 decision, որոշում,THINGS - ABSTRACT
 degree, աստիճան,THINGS - ABSTRACT
 design, դիզայն,THINGS - ABSTRACT
 desire, ցանկություն,THINGS - ABSTRACT
 destruction, ոչնչացում,THINGS - ABSTRACT
 detail, մանրամասնություն,THINGS - ABSTRACT
 development, զարգացում,THINGS - ABSTRACT
 digestion, մարսողություն,THINGS - ABSTRACT
 direction, ուղղություն,THINGS - ABSTRACT
 discovery, բացահայտում,THINGS - ABSTRACT
 discussion, քննարկում,THINGS - ABSTRACT
 disease, հիվանդություն,THINGS - ABSTRACT
 disgust, զզվանք,THINGS - ABSTRACT
 distance, հեռավորություն,THINGS - ABSTRACT
 distribution, բաշխում,THINGS - ABSTRACT
 division, բաժանում,THINGS - ABSTRACT
 doubt, կասկած,THINGS - ABSTRACT
 drink, խմել,THINGS - ABSTRACT
 driving, քշել,THINGS - ABSTRACT
 dust, փոշի,THINGS - ABSTRACT
 earth, երկիր,THINGS - ABSTRACT
 echo, արձագանք,THINGS - ABSTRACT
 edge, եզր,THINGS - ABSTRACT
 education, կրթություն,THINGS - ABSTRACT
 effect, ազդեցություն,THINGS - ABSTRACT
 end, վերջ,THINGS - ABSTRACT
 error, սխալ,THINGS - ABSTRACT
 event, իրադարձություն,THINGS - ABSTRACT
 example, օրինակ,THINGS - ABSTRACT
 exchange, փոխանակում,THINGS - ABSTRACT
 existence, գոյություն,THINGS - ABSTRACT
 expansion, ընդլայնում,THINGS - ABSTRACT
 experience, փորձ,THINGS - ABSTRACT
 expert, փորձագետ,THINGS - ABSTRACT
 fact, փաստ,THINGS - ABSTRACT
 fall, ընկնել,THINGS - ABSTRACT
 family, ընտանիք,THINGS - ABSTRACT
 father, հայր,THINGS - ABSTRACT
 fear, վախ,THINGS - ABSTRACT
 feeling, զգացում,THINGS - ABSTRACT
 fiction, հորինվածք,THINGS - ABSTRACT
 field, դաշտ,THINGS - ABSTRACT
 fight, պայքար,THINGS - ABSTRACT
 fire, կրակ,THINGS - ABSTRACT
 flame, բոց,THINGS - ABSTRACT
 flight, թռիչք,THINGS - ABSTRACT
 flower, ծաղիկ,THINGS - ABSTRACT
 fold, ծալել,THINGS - ABSTRACT
 food, սնունդ,THINGS - ABSTRACT
 force, ուժ,THINGS - ABSTRACT
 form, ձև,THINGS - ABSTRACT
 friend, ընկեր,THINGS - ABSTRACT
 front, դիմաց,THINGS - ABSTRACT
 fruit, միրգ,THINGS - ABSTRACT
 glass, ապակի,THINGS - ABSTRACT
 gold, ոսկի,THINGS - ABSTRACT
 government, կառավարություն,THINGS - ABSTRACT
 grain, հացահատիկ,THINGS - ABSTRACT
 grass, խոտ,THINGS - ABSTRACT
 grip, բռնել,THINGS - ABSTRACT
 group, խումբ,THINGS - ABSTRACT
 growth, աճ,THINGS - ABSTRACT
 guide, ուղեցույց,THINGS - ABSTRACT
 harbor, նավահանգիստ,THINGS - ABSTRACT
 harmony, ներդաշնակություն,THINGS - ABSTRACT
 hate, ատելություն,THINGS - ABSTRACT
 hearing, լսողություն,THINGS - ABSTRACT
 heat, ջերմություն,THINGS - ABSTRACT
 help, օգնություն,THINGS - ABSTRACT
 history, պատմություն,THINGS - ABSTRACT
 hole, անցք,THINGS - ABSTRACT
 hope, հույս,THINGS - ABSTRACT
 hour, ժամ,THINGS - ABSTRACT
 humor, հումոր,THINGS - ABSTRACT
 ice, սառույց,THINGS - ABSTRACT
 idea, գաղափար,THINGS - ABSTRACT
 impulse, ազդակ,THINGS - ABSTRACT
 increase, աճ,THINGS - ABSTRACT
 industry, արդյունաբերություն,THINGS - ABSTRACT
 ink, թանաք,THINGS - ABSTRACT
 insect, միջատ,THINGS - ABSTRACT
 instrument, գործիք,THINGS - ABSTRACT
 insurance, ապահովագրություն,THINGS - ABSTRACT
 interest, հետաքրքրություն,THINGS - ABSTRACT
 invention, գյուտ,THINGS - ABSTRACT
 iron, երկաթ,THINGS - ABSTRACT
 jelly, ժելե,THINGS - ABSTRACT
 join, միանալ,THINGS - ABSTRACT
 journey, ճանապարհորդել,THINGS - ABSTRACT
 judge, դատել,THINGS - ABSTRACT
 jump, ցատկել,THINGS - ABSTRACT
 kick, հարվածել,THINGS - ABSTRACT
 kiss, համբույր,THINGS - ABSTRACT
 knowledge, գիտելիք,THINGS - ABSTRACT
 land, հող,THINGS - ABSTRACT
 language, լեզու,THINGS - ABSTRACT
 laugh, ծիծաղել,THINGS - ABSTRACT
 law, օրենք,THINGS - ABSTRACT
 lead, կապար,THINGS - ABSTRACT
 learning, սովորել,THINGS - ABSTRACT
 leather, կաշի,THINGS - ABSTRACT
 letter, տառ,THINGS - ABSTRACT
 level, մակարդակ,THINGS - ABSTRACT
 lift, բարձրացնել,THINGS - ABSTRACT
 light, լույս,THINGS - ABSTRACT
 limit, սահման,THINGS - ABSTRACT
 linen, սպիտակեղեն,THINGS - ABSTRACT
 liquid, հեղուկ,THINGS - ABSTRACT
 list, ցուցակ,THINGS - ABSTRACT
 look, նայել,THINGS - ABSTRACT
 loss, կորուստ,THINGS - ABSTRACT
 love, սեր,THINGS - ABSTRACT
 machine, մեքենա,THINGS - ABSTRACT
 man, մարդ,THINGS - ABSTRACT
 manager, մենեջեր,THINGS - ABSTRACT
 mark, նշել,THINGS - ABSTRACT
 market, շուկա,THINGS - ABSTRACT
 mass, զանգված,THINGS - ABSTRACT
 meal, ուտելիք,THINGS - ABSTRACT
 meaning, իմաստ,THINGS - ABSTRACT
 measure, չափել,THINGS - ABSTRACT
 meat, միս,THINGS - ABSTRACT
 meeting, հանդիպում,THINGS - ABSTRACT
 memory, հիշողություն,THINGS - ABSTRACT
 metal, մետաղ,THINGS - ABSTRACT
 middle, մեջտեղ,THINGS - ABSTRACT
 milk, կաթ,THINGS - ABSTRACT
 mind, միտք,THINGS - ABSTRACT
 mine, իմ,THINGS - ABSTRACT
 minute, րոպե,THINGS - ABSTRACT
 mist, մշուշ,THINGS - ABSTRACT
 money, փող,THINGS - ABSTRACT
 month, ամիս,THINGS - ABSTRACT
 morning , առավոտ,THINGS - ABSTRACT
 mother, մայր,THINGS - ABSTRACT
 motion, շարժում,THINGS - ABSTRACT
 mountain, սար,THINGS - ABSTRACT
 move, շարժվել,THINGS - ABSTRACT
 music, երաժշտություն,THINGS - ABSTRACT
 name, անուն,THINGS - ABSTRACT
 nation, ազգ,THINGS - ABSTRACT
 need, կարիք,THINGS - ABSTRACT
 news, նորություններ,THINGS - ABSTRACT
 night, գիշեր,THINGS - ABSTRACT
 noise, աղմուկ,THINGS - ABSTRACT
 note, նշում,THINGS - ABSTRACT
 number, թիվ,THINGS - ABSTRACT
 observation, դիտում,THINGS - ABSTRACT
 offer, առաջարկ,THINGS - ABSTRACT
 oil, յուղ,THINGS - ABSTRACT
 operation, գործողություն,THINGS - ABSTRACT
 opinion, կարծիք,THINGS - ABSTRACT
 order, կարգ,THINGS - ABSTRACT
 organization, կազմակերպություն,THINGS - ABSTRACT
 ornament, զարդարանք,THINGS - ABSTRACT
 owner, սեփականատեր,THINGS - ABSTRACT
 page, էջ,THINGS - ABSTRACT
 pain, ցավ,THINGS - ABSTRACT
 paint, ներկ,THINGS - ABSTRACT
 paper, թուղթ,THINGS - ABSTRACT
 part, մաս,THINGS - ABSTRACT
 paste, մածուկ,THINGS - ABSTRACT
 payment, վճարում,THINGS - ABSTRACT
 peace, խաղաղություն,THINGS - ABSTRACT
 person, անձ,THINGS - ABSTRACT
 place, տեղ,THINGS - ABSTRACT
 plant, բույս,THINGS - ABSTRACT
 play, խաղ,THINGS - ABSTRACT
 pleasure, հաճույք,THINGS - ABSTRACT
 point, կետ,THINGS - ABSTRACT
 poison, թույն,THINGS - ABSTRACT
 polish, լաք,THINGS - ABSTRACT
 porter, բեռնակիր,THINGS - ABSTRACT
 position, դիրք,THINGS - ABSTRACT
 powder, փոշի,THINGS - ABSTRACT
 power, ուժ,THINGS - ABSTRACT
 price, գին ,THINGS - ABSTRACT
 print, տպել,THINGS - ABSTRACT
 process, մշակել,THINGS - ABSTRACT
 produce, արտադրել,THINGS - ABSTRACT
 profit, շահույթ,THINGS - ABSTRACT
 property, ունեցվածք,THINGS - ABSTRACT
 protest, բողոք,THINGS - ABSTRACT
 pull, քաշել,THINGS - ABSTRACT
 punishment, պատիժ,THINGS - ABSTRACT
 purpose, նպատակ,THINGS - ABSTRACT
 push, սեղմել,THINGS - ABSTRACT
 quality, որակ,THINGS - ABSTRACT
 question, հարց,THINGS - ABSTRACT
 rain, անձրև,THINGS - ABSTRACT
 range, միջակայք,THINGS - ABSTRACT
 ray, ճառագայթ,THINGS - ABSTRACT
 reaction, ռեակցիա,THINGS - ABSTRACT
 read, կարդալ,THINGS - ABSTRACT
 reason, պատճառ,THINGS - ABSTRACT
 record, գրառել,THINGS - ABSTRACT
 regret, ափսոսալ,THINGS - ABSTRACT
 relation, հարաբերություն,THINGS - ABSTRACT
 religion, կրոն,THINGS - ABSTRACT
 representative, ներկայացուցիչ ,THINGS - ABSTRACT
 request, խնդրանք,THINGS - ABSTRACT
 respect, հարգանք,THINGS - ABSTRACT
 rest, հանգիստ,THINGS - ABSTRACT
 reward, պարգև,THINGS - ABSTRACT
 rhythm, ռիթմ,THINGS - ABSTRACT
 rice, բրինձ,THINGS - ABSTRACT
 river, գետ,THINGS - ABSTRACT
 road, ճանապարհ,THINGS - ABSTRACT
 roll, գլորել,THINGS - ABSTRACT
 room, սենյակ,THINGS - ABSTRACT
 rub, քսել,THINGS - ABSTRACT
 rule, կանոն,THINGS - ABSTRACT
 run, վազել,THINGS - ABSTRACT
 salt, աղ,THINGS - ABSTRACT
 sand, ավազ,THINGS - ABSTRACT
 scale, մասշտաբ,THINGS - ABSTRACT
 science, գիտություն,THINGS - ABSTRACT
 sea, ծով,THINGS - ABSTRACT
 seat, նստատեղ,THINGS - ABSTRACT
 secretary, քարտուղար,THINGS - ABSTRACT
 selection, ընտրություն,THINGS - ABSTRACT
 self, ես,THINGS - ABSTRACT
 sense, զգացում,THINGS - ABSTRACT
 servant, ծառա,THINGS - ABSTRACT
 sex, սեռ ,THINGS - ABSTRACT
 shade, ստվեր,THINGS - ABSTRACT
 shake, ցնցում,THINGS - ABSTRACT
 shame, ամոթ,THINGS - ABSTRACT
 shock, ցնցում,THINGS - ABSTRACT
 side, կողմ,THINGS - ABSTRACT
 sign, նշան,THINGS - ABSTRACT
 silk, մետաքս,THINGS - ABSTRACT
 silver, արծաթ,THINGS - ABSTRACT
 sister, քույր,THINGS - ABSTRACT
 size, չափ,THINGS - ABSTRACT
 sky, երկինք,THINGS - ABSTRACT
 sleep, քուն,THINGS - ABSTRACT
 slip, սայթաքել,THINGS - ABSTRACT
 slope, թեքություն,THINGS - ABSTRACT
 smash, կոտրվածք,THINGS - ABSTRACT
 smell, հոտ,THINGS - ABSTRACT
 smile, ժպիտ,THINGS - ABSTRACT
 smoke, ծուխ,THINGS - ABSTRACT
 sneeze, փռշտոց,THINGS - ABSTRACT
 snow, ձյուն,THINGS - ABSTRACT
 soap, օճառ,THINGS - ABSTRACT
 society, հասարակություն,THINGS - ABSTRACT
 son, որդի,THINGS - ABSTRACT
 song, երգ,THINGS - ABSTRACT
 sort, տեսակ ,THINGS - ABSTRACT
 sound, ձայն,THINGS - ABSTRACT
 soup, ապուր,THINGS - ABSTRACT
 space, տարածություն,THINGS - ABSTRACT
 speed, արագություն,THINGS - ABSTRACT
 stage, փուլ,THINGS - ABSTRACT
 start, սկիզբ,THINGS - ABSTRACT
 statement, հայտարարություն,THINGS - ABSTRACT
 steam, գոլորշի,THINGS - ABSTRACT
 steel, պողպատ,THINGS - ABSTRACT
 step, քայլ,THINGS - ABSTRACT
 stitch, կար,THINGS - ABSTRACT
 stone, քար,THINGS - ABSTRACT
 stop, կանգնել,THINGS - ABSTRACT
 story, պատմություն,THINGS - ABSTRACT
 stretch, ձգել,THINGS - ABSTRACT
 structure, կառույց,THINGS - ABSTRACT
 substance, նյութ,THINGS - ABSTRACT
 sugar, շաքար,THINGS - ABSTRACT
 suggestion, առաջարկ,THINGS - ABSTRACT
 summer, ամառ,THINGS - ABSTRACT
 support, աջակցություն,THINGS - ABSTRACT
 surprise, անակնկալ,THINGS - ABSTRACT
 swim, լողալ,THINGS - ABSTRACT
 system, համակարգ,THINGS - ABSTRACT
 talk, խոսել,THINGS - ABSTRACT
 taste, համ ,THINGS - ABSTRACT
 tax, հարկ,THINGS - ABSTRACT
 teaching, ուսուցում,THINGS - ABSTRACT
 tendency, միտում,THINGS - ABSTRACT
 test, ստուգել,THINGS - ABSTRACT
 theory, տեսություն,THINGS - ABSTRACT
 thing, բան,THINGS - ABSTRACT
 thought, միտք,THINGS - ABSTRACT
 thunder, որոտ,THINGS - ABSTRACT
 time, ժամանակ,THINGS - ABSTRACT
 tin, անագ,THINGS - ABSTRACT
 top, վերև,THINGS - ABSTRACT
 touch, կպնել,THINGS - ABSTRACT
 trade, առևտուր,THINGS - ABSTRACT
 transport, տրանսպորտ,THINGS - ABSTRACT
 trick, հնարք,THINGS - ABSTRACT
 trouble, փորձանք,THINGS - ABSTRACT
 turn, շրջել,THINGS - ABSTRACT
 turn off, անջատել,THINGS - ABSTRACT
 turn on, միացնել,THINGS - ABSTRACT
 twist, ոլորել,THINGS - ABSTRACT
 unit, միավոր,THINGS - ABSTRACT
 use, օգտագործել,THINGS - ABSTRACT
 value, արժեք,THINGS - ABSTRACT
 verse, չափածո,THINGS - ABSTRACT
 vessel, անոթ,THINGS - ABSTRACT
 view, տեսակետ,THINGS - ABSTRACT
 voice, ձայն ,THINGS - ABSTRACT
 walk, քայլել,THINGS - ABSTRACT
 war, պատերազմ,THINGS - ABSTRACT
 wash, լվանալ,THINGS - ABSTRACT
 waste, թափոններ,THINGS - ABSTRACT
 water, ջուր,THINGS - ABSTRACT
 wave, ալիք,THINGS - ABSTRACT
 wax, մոմ,THINGS - ABSTRACT
 way, ձև,THINGS - ABSTRACT
 weather, եղանակ,THINGS - ABSTRACT
 week, շաբաթ,THINGS - ABSTRACT
 weight, քաշ,THINGS - ABSTRACT
 wind, քամի,THINGS - ABSTRACT
 wine, գինի,THINGS - ABSTRACT
 winter, ձմեռ,THINGS - ABSTRACT
 woman, կին,THINGS - ABSTRACT
 wood, փայտ,THINGS - ABSTRACT
 wool, բուրդ,THINGS - ABSTRACT
 word, բառ,THINGS - ABSTRACT
 work, աշխատանք,THINGS - ABSTRACT
 wound, վերք,THINGS - ABSTRACT
 writing , գիր,THINGS - ABSTRACT
 year, տարի,THINGS - ABSTRACT
 able,ունակ,QUALITIES
 acid, թթու,QUALITIES
 angry, զայրացած,QUALITIES
 automatic, ավտոմատ,QUALITIES
 beautiful, գեղեցիկ,QUALITIES
 black, սև,QUALITIES
 boiling, եռացող,QUALITIES
 bright, պայծառ,QUALITIES
 broken, կոտրված,QUALITIES
 brown, շագանակագույն,QUALITIES
 cheap, էժան,QUALITIES
 chemical, քիմիական,QUALITIES
 chief, գլխավոր,QUALITIES
 clean, մաքուր,QUALITIES
 clear, պարզ,QUALITIES
 common, ընդհանուր,QUALITIES
 complex, բարդ,QUALITIES
 conscious, գիտակից,QUALITIES
 cut, կտրված,QUALITIES
 deep, խոր,QUALITIES
 dependent, կախված,QUALITIES
 early, վաղ,QUALITIES
 elastic, ճկուն,QUALITIES
 electric, էլեկտրական,QUALITIES
 equal, հավասար,QUALITIES
 fat, ճարպ,QUALITIES
 fertile, բերրի,QUALITIES
 first, առաջին,QUALITIES
 fixed, ֆիքսված,QUALITIES
 flat, տափակ,QUALITIES
 free, ազատ,QUALITIES
 frequent, հաճախակի,QUALITIES
 full, լի,QUALITIES
 general, գլխավոր,QUALITIES
 good, լավ,QUALITIES
 great, հոյակապ,QUALITIES
 grey/gray, մոխրագույն,QUALITIES
 hanging, կախված,QUALITIES
 happy, ուրախ,QUALITIES
 hard, ծանր,QUALITIES
 healthy, առողջ,QUALITIES
 high, բարձր,QUALITIES
 hollow, խոռոչ,QUALITIES
 important, կարևոր,QUALITIES
 kind, բարի,QUALITIES
 like, նման,QUALITIES
 living, կենդանի,QUALITIES
 long, երկար,QUALITIES
 male, տղամարդ,QUALITIES
 married, ամուսնացած,QUALITIES
 material, նյութական,QUALITIES
 medical, բժշկական,QUALITIES
 military, ռազմական,QUALITIES
 natural, բնական,QUALITIES
 necessary, անհրաժեշտ,QUALITIES
 new, նոր,QUALITIES
 normal, նորմալ,QUALITIES
 open, բաց,QUALITIES
 parallel, զուգահեռ,QUALITIES
 past, անցյալ,QUALITIES
 physical, ֆիզիկական,QUALITIES
 political, քաղաքական,QUALITIES
 poor, աղքատ,QUALITIES
 possible, հնարավոր,QUALITIES
 present, ներկա,QUALITIES
 private, մասնավոր,QUALITIES
 probable, հավանական,QUALITIES
 quick, արագ,QUALITIES
 quiet, հանդարտ,QUALITIES
 ready, պատրաստ,QUALITIES
 red, կարմիր,QUALITIES
 regular, կանոնավոր,QUALITIES
 responsible, պատասխանատու,QUALITIES
 right, ճիշտ,QUALITIES
 round, կլոր,QUALITIES
 same, նույն,QUALITIES
 second, երկրորդ,QUALITIES
 separate, առանձին,QUALITIES
 serious, լուրջ,QUALITIES
 sharp, սուր,QUALITIES
 smooth, հարթ,QUALITIES
 sticky, կպչուն,QUALITIES
 straight, ուղիղ,QUALITIES
 strong, ուժեղ,QUALITIES
 sudden, հանկարծակի,QUALITIES
 sweet, քաղցր,QUALITIES
 tall, բարձրահասակ,QUALITIES
 thick, խիտ,QUALITIES
 tired, հոգնած,QUALITIES
 true, ճիշտ,QUALITIES
 violent, բռնի,QUALITIES
 wait, սպասել,QUALITIES
 warm, տաք,QUALITIES
 wet, թաց,QUALITIES
 wide, լայն,QUALITIES
 wise, իմաստուն,QUALITIES
 yellow, դեղին,QUALITIES
 young, երիտասարդ,QUALITIES
 awake,արթուն,QUALITIES - OPPOSITES
 bad, վատ,QUALITIES - OPPOSITES
 bent, ծուռ,QUALITIES - OPPOSITES
 bitter, դառը,QUALITIES - OPPOSITES
 blue, կապույտ,QUALITIES - OPPOSITES
 certain, որոշակի,QUALITIES - OPPOSITES
 cold, սառը,QUALITIES - OPPOSITES
 complete, ամբողջական,QUALITIES - OPPOSITES
 cruel, դաժան,QUALITIES - OPPOSITES
 dark, մութ,QUALITIES - OPPOSITES
 dead, մեռած,QUALITIES - OPPOSITES
 dear, սիրելի,QUALITIES - OPPOSITES
 delicate, նուրբ,QUALITIES - OPPOSITES
 different, տարբեր,QUALITIES - OPPOSITES
 dirty, կեղտոտ,QUALITIES - OPPOSITES
 dry, չոր,QUALITIES - OPPOSITES
 fake, կեղծ,QUALITIES - OPPOSITES
 false, սխալ,QUALITIES - OPPOSITES
 feeble, թույլ,QUALITIES - OPPOSITES
 female, կին,QUALITIES - OPPOSITES
 foolish, հիմար,QUALITIES - OPPOSITES
 future, ապագա,QUALITIES - OPPOSITES
 green, կանաչ,QUALITIES - OPPOSITES
 ill, հիվանդ,QUALITIES - OPPOSITES
 last, վերջին,QUALITIES - OPPOSITES
 late, ուշ,QUALITIES - OPPOSITES
 left, ձախ,QUALITIES - OPPOSITES
 loose, չամրացված,QUALITIES - OPPOSITES
 loud, բարձրաձայն,QUALITIES - OPPOSITES
 low, ցածր,QUALITIES - OPPOSITES
 mixed, խառը,QUALITIES - OPPOSITES
 narrow, նեղ,QUALITIES - OPPOSITES
 old, հին,QUALITIES - OPPOSITES
 opposite, հակառակ,QUALITIES - OPPOSITES
 public, հասարակական,QUALITIES - OPPOSITES
 rough, կոպիտ,QUALITIES - OPPOSITES
 sad, տխուր,QUALITIES - OPPOSITES
 safe, անվտանգ,QUALITIES - OPPOSITES
 secret, գաղտնի,QUALITIES - OPPOSITES
 short, կարճ,QUALITIES - OPPOSITES
 shut, փակ,QUALITIES - OPPOSITES
 simple, պարզ,QUALITIES - OPPOSITES
 slow, դանդաղ,QUALITIES - OPPOSITES
 small, փոքր,QUALITIES - OPPOSITES
 soft, փափուկ,QUALITIES - OPPOSITES
 solid, պինդ,QUALITIES - OPPOSITES
 special, հատուկ,QUALITIES - OPPOSITES
 strange, տարօրինակ,QUALITIES - OPPOSITES
 thin, բարակ,QUALITIES - OPPOSITES
 white, սպիտակ,QUALITIES - OPPOSITES
 wrong, սխալ,QUALITIES - OPPOSITES
 come,գալ,OPERATIONS
 get,ստանալ,OPERATIONS
 give,տալ,OPERATIONS
 go,գնալ,OPERATIONS
 keep,պահել,OPERATIONS
 let,թողել,OPERATIONS
 make,պատրաստել,OPERATIONS
 put,դնել,OPERATIONS
 seem,թվալ,OPERATIONS
 take,վերցնել,OPERATIONS
 be,լինել,OPERATIONS
 do,անել,OPERATIONS
 have,ունենալ,OPERATIONS
 say,ասել,OPERATIONS
 see,տեսնել,OPERATIONS
 send,ուղարկել,OPERATIONS
can ,կարողանալ,OPERATIONS
 will,կամք,OPERATIONS
 about,մասին,OPERATIONS
 after,հետո,OPERATIONS
 against,դեմ,OPERATIONS
 among,մեջ,OPERATIONS
 at,մոտ,OPERATIONS
 before,նախքան,OPERATIONS
 between,միջեւ,OPERATIONS
 by,կողմից,OPERATIONS
 down,ներքև,OPERATIONS
 from,սկսած,OPERATIONS
 in,մեջ,OPERATIONS
on,վրա,OPERATIONS
 over,վրայով,OPERATIONS
 through,միջոցով,OPERATIONS
 to,դեպի,OPERATIONS
 under,տակ,OPERATIONS
 up,վեր,OPERATIONS
 with,հետ,OPERATIONS
 as,ինչպես,OPERATIONS
 for,համար,OPERATIONS
 till,մինչեւ,OPERATIONS
 than,քան,OPERATIONS
 a ,մի,OPERATIONS
 the,ը,OPERATIONS
 all,բոլորը,OPERATIONS
 any,ցանկացած,OPERATIONS
 every,ամեն,OPERATIONS
 little,քիչ,OPERATIONS
 much,շատ,OPERATIONS
 no,ոչ,OPERATIONS
 other,այլ,OPERATIONS
 such,այդպիսի,OPERATIONS
 that,որ,OPERATIONS
 this,սա,OPERATIONS
 I ,ես,OPERATIONS
 he,նա,OPERATIONS
 you,դու,OPERATIONS
 who,ով,OPERATIONS
 and,և,OPERATIONS
 because,որովհետեւ,OPERATIONS
 but,բայց,OPERATIONS
 or,կամ,OPERATIONS
 if,եթե,OPERATIONS
 though,չնայած,OPERATIONS
 while,մինչդեռ,OPERATIONS
 how,ինչպես,OPERATIONS
 when,երբ,OPERATIONS
 where,որտեղ,OPERATIONS
 why,ինչու,OPERATIONS
 again,նորից,OPERATIONS
 ever,երբևէ,OPERATIONS
 far,հեռու,OPERATIONS
 forward,առաջ,OPERATIONS
 here,այստեղ,OPERATIONS
 near,մոտակայքում,OPERATIONS
 now,հիմա,OPERATIONS
 out,դուրս,OPERATIONS
 still,դեռ,OPERATIONS
 then,ապա,OPERATIONS
 there,այնտեղ,OPERATIONS
 together,միասին,OPERATIONS
 well,լավ,OPERATIONS
 almost,գրեթե,OPERATIONS
 enough,բավական,OPERATIONS
 even,նույնիսկ,OPERATIONS
 not,ոչ,OPERATIONS
 only,միայն,OPERATIONS
 quite,բավականին,OPERATIONS
 so,այսպիսով,OPERATIONS
 very,շատ,OPERATIONS
 tomorrow,վաղը,OPERATIONS
 yesterday,երեկ,OPERATIONS
 north,հյուսիս,OPERATIONS
 south,հարավ,OPERATIONS
 east,արևելք,OPERATIONS
 west,արևմուտք,OPERATIONS
 please,խնդրեմ,OPERATIONS
 yes,այո,OPERATIONS